Feature,Importance
Age,0.3449646521959681
NumOfProducts,0.2394473080614157
Balance,0.09310708002769637
IsActiveMember,0.07312436231609284
CreditScore,0.07145959142821555
EstimatedSalary,0.0713772443194414
Geography,0.043193307580864766
Tenure,0.036884350311314096
Gender,0.01667307679508814
HasCrCard,0.009769026963902966
